income,credit_score,age,gender,loan_approved
57450.71229516849,747.9548805610201,49,male,1
47926.03548243223,714.7243578038938,50,male,0
59715.32807151039,654.1741258944122,57,male,1
72845.44784612038,604.7144255606098,30,female,0
46487.69937914996,698.8756319529513,54,female,0
46487.945645762295,677.5439769795224,27,female,0
73688.19223261088,712.6635254019412,22,male,0
61511.52093729363,694.4620261177379,33,male,1
42957.88421097572,723.4686900723534,32,male,0
58138.40065378947,612.5335351907603,64,female,0
43048.734607813065,742.2175845944028,51,female,0
43014.05369644615,663.8319723284679,53,male,0
53629.43407349051,795.2682610837686,64,female,1
21300.79633013303,601.7568527337303,38,male,0
24126.23251230451,771.5174662215675,57,female,0
41565.68706138541,663.8537548423853,35,female,0
34807.53319498364,604.4007397469886,21,female,0
54713.709988929106,616.1279916161975,59,male,0
36379.638867181835,627.5756884263976,36,female,0
28815.44447997063,679.6916162481341,53,female,0
71984.7315338233,686.598484162485,61,male,1
46613.355492701965,609.8409997242994,35,female,0
51012.92307031886,648.2951785417312,57,male,0
28628.77720679815,799.9589251028304,21,male,0
41834.25913212226,770.9280219070498,21,male,0
51663.83884564799,680.5426568771823,45,male,1
32735.09633866546,652.660243471774,32,male,0
55635.47027518508,658.4021928702783,66,female,1
40990.419651217926,692.9462580911292,50,male,0
45624.593753100846,578.4045204361116,53,male,0
40974.40081655905,631.9836423803658,58,male,0
77784.17276763407,533.1991148285688,22,male,0
49797.541628930994,677.9456185823695,27,female,0
34134.3360656615,695.3037157791919,42,male,0
62338.173681547836,616.1769476390439,33,female,0
31687.345250434668,760.1790734303023,46,male,0
53132.95392507133,564.1964035898361,48,female,0
20604.948141803365,547.4937583853126,58,male,0
30077.209266523543,665.7116272991981,58,male,0
52952.91853803685,723.2968811828508,20,female,0
61076.99869993116,767.8749384020508,36,male,1
52570.524217849554,617.8781015991742,60,female,0
48265.27576417639,725.5076583401907,49,male,0
45483.444566160666,647.3044071349505,32,female,0
27822.17014448859,637.9160890041426,40,male,0
39202.33687407937,711.856195624067,38,male,0
43090.41843560319,695.6626014889393,38,female,0
65856.83339328374,539.6525490111026,44,male,0
55154.27434352692,753.3578244808127,41,male,1
23554.39766955899,746.6063947903216,50,male,0
54861.25954092192,606.210610894333,36,male,0
44223.76579375525,677.7062473406186,42,male,0
39846.169995410615,684.5821130397917,51,male,0
59175.14433261302,668.2471636076735,29,female,1
65464.99283743926,611.4786392308206,29,female,0
63969.20178674298,602.9863642443364,55,female,0
37411.73715166042,648.2112150305989,27,male,0
45361.81436223178,732.0910313481555,39,female,0
54968.95147105346,688.0520108216102,51,male,1
64633.17690683539,624.0569967539726,69,male,0
42812.38643232065,704.0189097453841,33,male,0
47215.115350042746,450.6020165558947,69,male,0
33404.97538990958,730.4135990260472,47,female,0
32056.90063878994,528.220035485533,65,male,0
62187.88733591297,624.6291341017808,43,female,0
70343.60042856235,571.62310737617,34,male,0
48919.848176294996,559.3722966995366,41,female,0
65052.99346838036,731.2578751164964,49,female,1
55424.54037571451,617.2609159081676,23,female,0
40323.203680923136,674.25527172115,32,female,0
55420.934082626205,646.7155594784571,42,female,0
73070.54849698953,683.3928579056185,27,female,1
49462.60941335073,655.3775323742178,37,male,0
73469.6548372101,560.1905443068001,31,female,0
10703.823438653832,719.7386773612998,50,male,0
62328.53756562836,615.4370391787081,33,female,0
51305.706023572566,541.0392670938174,53,male,0
45514.88974301199,620.0319387323862,37,female,0
51376.41164803253,755.0531853444018,53,female,1
20186.46628098661,709.5155219479445,30,male,0
46704.92168243732,625.5943505914498,60,female,0
55356.6885726762,625.55196069771,31,female,0
72168.41067112274,627.4855464147832,68,female,0
42225.94672589529,795.3723588492588,34,male,0
37872.595956602185,676.7354816562088,50,female,0
42473.64434623195,680.1029153033749,68,male,0
63731.03176553111,722.119841782229,48,female,1
54931.266644895266,666.7152411318559,45,female,1
42053.59694349442,631.8670497925508,37,male,0
57699.01149670034,636.2555105640515,51,female,0
51456.16324022061,644.9879118410155,41,female,0
64529.674857993334,647.394443444311,57,male,0
39469.203591839716,700.9340680545886,36,female,0
45085.067801033474,653.636212006511,42,male,0
44118.377703017635,701.2848054050905,43,male,0
28047.275778018222,644.3498393923992,69,male,0
54441.80415596864,655.5044633221263,27,female,1
53915.82908269834,510.12595208275246,60,male,0
50076.70184963691,714.1429372291736,25,male,0
46481.1929993728,674.2541933128595,24,female,0
28769.438869243786,719.8607076901757,63,male,0
43690.320158519615,447.26212352644177,48,female,0
44859.282252098456,796.186229334651,47,female,0
37965.84096167571,640.2287260291379,30,female,0
47580.71432500986,727.5727971716261,20,female,0
56060.762852218075,577.2065851012128,62,male,0
78292.78851815795,692.8941733543799,38,male,1
52618.66719247759,576.260910577844,28,male,0
53863.25586084147,606.3361727512936,46,male,0
48883.311263507494,783.982194770675,53,male,0
21218.431770514377,636.6522319465657,63,female,0
49602.291868261746,665.2203011225806,23,male,0
50903.4531491154,710.9047411482128,55,male,1
86948.6316872793,684.6977321580823,37,male,1
47114.58552828316,660.5293233600504,34,female,0
54523.210135004185,675.5472701726358,32,female,1
49479.32345442135,818.2390909666792,38,male,0
32469.82943570702,645.966684207649,68,female,0
67142.34221772531,664.0769332700477,25,male,0
61278.99549030161,723.5458077205328,67,male,1
61865.47920564571,727.3868153070589,31,female,1
36359.18817807891,733.0921213892266,56,female,0
71041.91466404148,694.7111155420429,36,male,1
28972.234058115788,569.9896561088661,42,male,0
58802.85640700405,764.3402072610767,45,female,1
82856.83438714968,569.7558224886918,48,male,0
35141.955123039676,671.1844825667323,52,female,0
41505.53405595842,597.2006904986449,46,male,0
51494.77047631462,645.5103157384905,44,female,0
42447.86518825701,673.0133687212436,29,male,0
26740.04853400801,672.4950050815191,66,male,0
51028.44462209041,679.53445279647,42,female,1
34065.44429410843,762.9597888341053,40,male,0
57103.88645952773,681.7474011059786,40,male,1
36208.63648649295,632.9090355296546,62,female,0
73249.01607526309,717.486101780185,32,male,1
38251.20061495644,733.2629342247249,56,male,0
45169.07725691487,564.0674529404105,52,male,0
62202.758260545044,691.8180048894901,43,female,1
31537.03525349067,699.0820919617629,63,female,0
53411.899019061944,629.1705547648006,30,female,0
69607.14131423642,746.2994769318134,36,male,1
25887.75148158159,639.4961089077232,23,male,0
52769.507877984564,658.7903517430079,66,male,1
53898.24191372635,637.8849723001291,44,male,0
61727.34307665966,651.0905333307028,49,female,1
31445.73933682877,573.2607439173358,28,male,0
30193.150803735854,549.1964382183994,40,male,0
57829.12348425346,761.615354425748,39,male,1
54454.77009849779,590.712705617717,38,female,0
53757.39275518815,580.6025355380585,38,male,0
55196.72314245463,499.26269204773996,31,male,0
39799.62917632264,605.2726776617349,56,male,0
53483.80545741505,557.3837144614752,61,male,0
54396.08709948022,764.9410612095459,36,male,1
39284.72872960448,720.6871962539844,56,female,0
77986.61766717135,601.8294758375594,67,male,0
57107.49381367681,807.6705063741016,58,male,1
32130.44754196027,718.7235840894116,47,male,0
59848.30412950744,627.2618031543964,60,male,0
35379.77494659018,475.0415999588499,54,male,0
61806.26905613678,810.365980081352,66,male,1
67378.93368511106,552.7299273265482,67,male,0
37689.76522472434,534.8220877130176,37,male,0
64450.64193866483,721.5799302406748,33,male,1
56191.71390404747,820.7826684437491,54,male,1
62330.90239991735,746.8990972957363,63,female,1
78451.89473980921,689.4736384036652,60,female,1
46319.17825995694,691.63280391657,26,female,0
38693.95753463766,709.7390891146215,60,female,0
36657.28355561715,703.1250012850736,32,male,0
37762.845725518426,669.6833996778563,37,female,0
48843.47435878844,657.2940772766314,56,female,0
55117.279622249654,645.6184810470335,32,male,0
54150.36198995029,597.2224787793326,55,female,0
62407.74873554036,630.3527446193258,50,female,0
50195.02837816861,531.493023006323,21,male,0
71803.01115735975,643.1162261243675,35,male,0
46030.147501430656,580.7986224994357,28,male,0
90802.53749884429,572.7487477948961,28,female,0
59385.01021647509,662.5925905807435,57,female,1
37142.63665375576,747.440160044122,30,male,0
33936.612529083315,714.282162420162,41,male,0
57237.08622864778,540.0649577463776,52,female,0
46648.05822011224,580.7260304400763,55,male,0
60710.007411381375,715.8539831591751,64,female,1
57098.56436860317,581.2258824523183,42,male,0
48907.56631014691,634.2756795002083,64,male,0
37298.094228973925,688.5036469317187,64,female,0
27277.291629712032,582.2158881595456,53,male,0
43302.275718994686,657.3762854302172,28,male,0
62845.981914852084,556.6182153557257,43,male,0
53211.40616195306,607.904264923415,27,female,0
31313.91831932018,672.3847353899775,26,male,0
52597.71388776773,538.4904386527832,55,male,0
55779.76069593255,680.8332316572279,37,male,1
36742.138456983004,648.6253540751323,22,male,0
52305.87658918292,688.6742968092003,47,male,1
50873.13077669,665.6739893845263,25,male,0
32855.44553254065,745.4898300981691,63,female,0
55366.81040522425,658.7657151853535,63,female,1
58411.76789552352,619.9416121212323,40,male,0
66245.76864762916,658.5608252122598,47,female,1
65807.03078052355,688.0308620325471,59,female,1
29334.959480643633,653.4202049227993,20,male,0
35932.62440127316,652.8414183842717,55,female,0
57725.529008129895,600.8605818535272,40,female,0
57706.78926368313,603.5969357714337,62,female,0
57725.715294590715,551.8176309740214,54,female,0
107790.97235982082,772.4703720230857,32,female,1
58563.35766039751,562.9295735226101,68,female,0
67033.48460270898,601.4966361542865,29,female,0
64310.02645239804,599.7114914101562,63,female,0
59770.868769586974,712.6447063861109,66,male,1
45270.96133039481,629.353522519558,29,male,0
61384.53830739901,737.3419450871613,65,female,1
38407.621781936425,602.8556563029292,32,female,0
46447.72089889987,669.5295913556662,56,male,0
42719.54678256345,591.525706271817,57,female,0
51228.112090794835,800.1604389441372,43,female,1
84719.87850010264,566.8681106679342,21,male,0
21991.02211112378,671.687449715892,41,male,0
60293.9028556177,694.3643816652469,36,male,1
25809.261932155227,678.9659368216048,55,female,0
42921.0220131585,637.0298638785604,33,female,0
66334.25895451049,640.9125510186602,29,male,0
50964.200286431944,653.0668030385377,54,male,1
33833.82833106041,639.7098598860058,44,female,0
39270.444361100475,717.4715381756437,22,male,0
60193.96623402014,804.7366101113946,66,female,1
39044.50052424295,610.9755750494517,57,female,0
53246.878843729624,554.1137914294645,36,male,0
50683.5775985572,643.8202566154122,31,male,0
40225.99478591274,830.5796536358023,43,female,0
82159.16133987988,593.7427802421189,48,male,0
59508.78533477017,764.7381763810847,62,male,1
19622.861200135892,767.4390569853508,44,male,0
52796.814721541414,611.2488230804404,55,male,0
40073.20302847418,689.8288155429693,45,female,0
62786.50002194336,763.9877636189976,57,female,1
38112.188923509486,623.4610581308759,20,female,0
48278.95337799651,635.7493747928347,39,female,0
57574.80918470686,609.2823360235949,47,male,0
62986.327912551824,578.9670288514993,35,male,0
31995.553894163357,604.5505718453795,66,female,0
44982.481462385775,564.324181326642,36,female,0
42875.82033258566,652.3858427781458,59,male,0
40200.06151139432,596.101873825895,47,female,0
76481.81360421646,666.3650138253523,31,female,1
56074.725664414334,541.0873047657461,46,male,0
31086.740684974324,673.161616255012,61,female,0
63767.92920582164,708.3470273126247,66,male,1
81832.3429551895,510.43850501999816,49,male,0
65486.97890826721,676.18395988933,60,female,1
27209.4505106898,735.9368294731305,53,male,0
42736.48890700623,565.3251286916156,56,female,0
69003.66723779934,767.0800670786392,25,male,0
39384.958015718286,679.3313306556231,26,female,0
56657.291422193426,600.6491700969113,51,female,0
61619.510801440054,646.0961645639605,51,female,0
36096.04292632875,689.0828838765206,44,male,0
49107.119659072996,655.3203773988688,52,male,0
1380.9898989639114,687.7129194712459,26,female,0
34634.185379985654,585.5528484844443,31,male,0
46211.4777291026,661.8552576825255,35,female,0
31283.252270527257,551.0399852166514,35,female,0
74486.16955897454,642.214175705591,62,male,0
28547.87933059051,586.7264650974647,55,female,0
43399.332699545244,598.5129040187163,32,male,0
51961.10865929137,736.5265222647306,26,female,1
71619.09933599173,726.3917084415989,55,male,1
28462.06773230841,692.6396684635024,66,female,0
67447.45628232439,573.5381064729195,28,female,0
50153.4959152938,627.8514085213639,51,male,0
35277.37023428074,734.9168389985429,30,female,0
56931.55211394906,659.9201839547933,27,female,1
52985.895433602054,812.3530677987186,52,male,1
40996.74684261808,677.532248757606,42,female,0
51047.031274850284,663.4434381543022,44,male,1
44220.2960470736,628.3618475058249,27,female,0
51702.76017876872,659.3478633347597,64,male,1
59931.9601178157,639.3271114533619,41,female,0
73790.25224218029,699.5676073682014,23,female,0
31432.767517597265,716.9691621756209,59,female,0
81995.500619844,594.9807377644436,22,male,0
20718.68300716247,556.8136932509556,48,male,0
47723.22357446625,521.4656238827693,60,male,0
58824.75809726865,685.5593928838781,48,male,1
54214.87801602549,572.7643375678289,53,female,0
40659.50720269109,499.2976584933262,53,female,0
46878.16624464087,677.2005023171674,47,male,0
42604.985980117504,824.5099662202954,32,male,0
41159.52864583683,649.5750361922074,34,male,0
62744.03145531537,708.694354211615,42,female,1
55355.23228947571,655.7280550983296,63,male,1
39606.35607109019,643.07772427662,45,male,0
63493.99813149876,714.3353538091438,23,female,0
54609.49281314914,629.6807819067944,45,female,0
62192.931782584405,668.7174619850332,59,male,1
59444.432628854185,672.5188464337209,28,female,1
37565.07483616892,603.2336682449866,24,male,0
41597.284397045456,719.4429644675566,51,female,0
61209.40407684893,637.7528170313213,39,male,0
59155.55398150197,597.0978388355009,69,male,0
49686.47609053778,687.5556890499282,30,male,0
51759.91074963173,587.1072412746274,34,male,0
69164.97343682637,651.9726810158389,51,female,1
41126.42916746255,649.3616702349058,47,female,0
58206.460717550566,726.0126896082105,41,female,1
46967.110213491585,683.2288763015966,60,female,0
46734.78195159169,648.24811288784,36,male,0
66481.65277980786,707.2436409440201,45,male,1
62381.245234820446,747.3145284312119,63,female,1
62202.644540009576,689.0467214446304,26,female,1
69582.18210731493,650.7246833890366,61,female,1
50315.05762449138,558.1714637354888,45,female,0
60229.294569424455,575.4420435847239,44,female,0
45345.99865109816,628.6342706951733,29,male,0
54862.49528732663,607.3341458488502,64,male,0
48047.85418448473,636.9120087910188,38,male,0
51454.93947489077,653.9654947427975,30,female,1
58927.3553815537,687.0784928049711,32,female,1
37726.689751497914,645.0650855358637,27,female,0
81385.8091352819,684.0551150678341,59,female,1
34909.73927750447,654.5132090367084,23,male,0
31787.17080818402,511.717340355229,66,male,0
67371.66310250101,584.2465224326872,50,female,0
61874.94040944404,639.9138710994869,47,male,0
59361.79725578232,565.3213680011224,30,male,0
59425.1826389642,691.9950110997343,62,female,1
49816.29840729628,757.1525582640588,20,female,0
36541.18442771253,735.3133296188122,68,female,0
51137.068372905895,635.0589990348855,66,female,0
39842.574327318325,754.3508295794967,57,female,0
64626.796001266266,660.4067220041478,43,female,1
47794.13927746792,626.4039820217372,66,male,0
37617.54204811233,607.0618135521343,50,male,0
45179.2123752051,628.827121945831,60,female,0
56193.97181413436,622.827622702114,65,male,0
41544.13170794038,661.9291355662841,69,female,0
37666.69406650353,661.2401786734905,45,female,0
53655.30817237868,650.213221410739,68,female,1
53674.49856663084,680.5856718822445,69,female,1
42395.85236943305,733.3452392350439,24,male,0
42934.425415725156,716.4687894808926,39,female,0
53480.74906036454,546.0571422085068,60,male,0
28278.734877540137,471.22552055686316,30,female,0
28888.043384351673,715.4023937867491,52,female,0
39223.33668121346,554.3184911109205,69,female,0
46798.292724322295,634.2664218675121,57,male,0
54663.61348397007,568.0920881758449,46,female,0
72130.34325424329,523.8613693693986,53,female,0
62864.89434803029,687.9023909743352,34,female,1
47600.922050548594,703.1408612211853,51,male,0
49714.75688145967,609.6442719491297,40,male,0
34962.05953043287,468.6270395498563,65,male,0
49722.30296011415,611.7628886223262,24,female,0
45670.120416197926,677.4262803781783,25,male,0
54840.778405071345,546.476190185811,57,female,0
37591.53584671515,662.8351943845408,41,male,0
57790.197713617585,648.9283105578903,37,male,0
72991.08369503866,690.5504049720762,33,female,1
48368.597773147136,658.3706257889908,29,male,0
56025.67583148412,581.8851741382912,65,female,0
60352.159875666686,733.7600051165144,32,female,1
43981.692921712456,638.9029298881121,50,male,0
53361.38722715625,648.0886822343048,49,female,0
50188.88601172692,584.6712428648763,22,female,0
51465.14147823248,618.9702424165943,49,male,0
38404.853242168,588.0638100181169,25,male,0
50367.652613884144,637.8937758053604,48,female,0
57469.974368681746,769.819593609964,27,male,1
71767.15411692562,553.966919994805,63,female,0
64389.0623912781,537.0507021486281,64,female,0
82297.73686267334,752.9819229245526,62,male,1
38489.78655667926,635.3473425993694,63,male,0
63084.80955081017,603.1649082938059,52,male,0
52750.130086075274,722.7933281177253,36,male,1
82847.04399826509,607.6069122184196,67,female,0
37875.525719672725,777.8206799482855,30,female,0
37404.17236728836,697.4548109937489,32,male,0
41009.11031833967,615.8462014298008,69,male,0
18141.564135352895,801.0115749285852,30,female,0
42113.674674788585,607.5999553897664,50,female,0
38613.01007669453,701.9466760406515,47,female,0
52255.906797143114,670.9504806284544,63,female,1
55126.339636657394,741.1218902579159,25,male,0
78142.56258823829,759.3057837708797,60,female,1
64256.35757279075,652.2402904346037,35,female,1
41346.44516506395,597.2607490757672,23,male,0
36523.77992977463,682.1980500057382,54,female,0
57378.78757259758,602.5599241173526,67,female,0
30196.501894690366,790.9371073268636,45,male,0
77471.8814878153,659.5574731757916,31,male,1
67691.60181081931,624.4274914081524,30,male,0
42962.365218429426,662.9276214105436,56,female,0
24302.98206363684,555.7011597329213,44,female,0
70308.0856124812,581.9870173042544,37,male,0
48281.902321210735,734.0289735561098,38,male,0
68567.24467960192,604.0174004720024,42,female,0
26083.585118084495,576.7162312122642,57,male,0
41009.374655693406,687.56569267691,37,male,0
50078.65549577275,732.9992908264098,45,male,1
50704.70890647113,700.3267317465546,25,female,0
43249.01792781134,719.7233380064072,23,female,0
59342.748985212485,597.0243438001378,63,female,0
33985.69355926108,550.473253328071,48,female,0
47864.3077246806,755.0933556368841,53,female,0
51804.434475678485,627.4124112810505,36,female,0
57716.582510881235,632.4416888481467,62,male,0
60674.223171333346,742.9735899294341,62,female,1
33130.36862243196,688.9361006580461,35,female,0
26988.287438965664,681.9121440457126,21,male,0
69165.15232847763,801.5501641430759,53,female,1
54984.71017969387,604.95372387339,27,female,0
38772.701951651696,714.9488089656866,32,male,0
73267.27963283785,653.9909187427959,61,male,1
51735.11951439288,668.801459520428,27,male,1
67689.45776095739,756.9927898488772,49,female,1
51012.777221151635,685.5485029402737,51,male,1
80911.21887322981,687.6807255334743,55,female,1
76330.11263664806,725.0755136116861,66,female,1
46265.5377728139,624.453308931998,49,female,0
64573.56426431533,591.2553232862696,20,female,0
59680.639243777216,576.8633564185277,62,male,0
70529.47336298523,512.3550387436799,58,male,0
35526.14809129843,793.9344990958225,36,female,0
60290.77189997659,572.7754143994822,39,male,0
65876.36730274382,634.512246348996,43,female,0
23618.907703653287,630.6230690077756,69,female,0
32251.122310013372,671.518468846637,41,female,0
19411.51733359849,707.1016048777508,48,male,0
45958.89748333163,710.2331441851821,41,female,0
60763.133836939436,609.1845793001743,63,female,0
72535.35578144042,638.3014800349512,28,male,0
51111.42170629663,669.780596534181,56,male,1
74429.23318356938,632.5916211671517,29,male,0
29298.47812677663,762.5141903213995,55,male,0
24449.26340967268,684.3682466146776,56,female,0
49166.78451655072,701.4414450234872,47,male,0
55760.98173408961,696.4016888067189,47,female,1
49509.578778588606,732.1431700239727,61,male,0
18988.36849940185,662.6715091092594,62,male,0
48663.19940730817,559.2217636430908,40,male,0
30432.957492427202,677.9781566226849,43,male,0
60045.08823245058,604.405017434572,61,male,0
55498.973691452724,612.996832277517,59,male,0
35901.80320508967,691.0454813128565,21,female,0
42291.9962399496,736.6798150003544,27,male,0
34111.79717166573,651.4890103715243,67,male,0
49059.813540902425,671.6183108819274,46,male,0
64327.134807518574,769.1550461244667,41,male,1
35214.10930496684,666.8527225641998,56,female,0
57560.697732767665,832.1178179926276,46,male,1
42046.13572441339,689.5856751942081,48,male,0
38106.907516064835,526.7466068590927,22,male,0
48394.544600681635,702.7339134773173,63,male,0
34471.365163709386,676.6810869417944,32,female,0
41695.26041979227,740.2826927857922,64,male,0
32031.831611167272,697.122694588897,29,female,0
79470.87699374584,640.3080811211358,55,male,0
50528.95327957593,564.2991234597444,28,female,0
39504.117380111216,635.3683719899782,46,female,0
53209.69866101333,590.463568205349,53,male,0
48315.07925463755,609.3633585136694,20,male,0
46685.45600700165,691.2004883094427,51,female,0
59212.50050065138,766.8933153045984,44,female,1
61362.61565070957,677.6270070876087,48,male,1
42042.48278584209,566.288185657537,26,female,0
41362.7263903298,681.1221867754099,68,female,0
45874.22454272534,733.7642040651956,22,female,0
15471.18252896623,607.3151966976433,39,male,0
27272.134067021718,640.6187983328957,39,female,0
70503.11401166787,651.0281736310438,49,female,1
74674.51570251926,595.0571180842433,54,female,0
46264.45940665432,695.3796303690701,54,male,0
58648.35444583649,641.5336295974553,68,male,0
54668.75231815304,679.3672710734919,58,female,1
96183.21212682856,587.875547553853,46,male,0
66793.62367151865,619.3779189773612,45,female,0
48081.2361277885,700.566695047944,33,male,0
35666.89339099362,623.9016793535764,36,male,0
25903.30519613641,770.8874695863384,37,female,0
53051.954538008344,622.0254670069778,64,male,0
38654.73882073545,665.727930802632,48,male,0
28666.19435603489,715.2813582311163,39,male,0
40301.4067363621,550.7143986946878,46,female,0
33776.779945784074,526.7433831613457,37,male,0
75307.12452608848,543.2040579800934,23,male,0
63224.59635424176,738.3808872399028,20,female,0
49880.41038025074,611.3699297875287,69,male,0
72199.16208335038,829.0739499967776,20,male,0
51160.524614714275,610.5026680939828,45,male,0
37080.73698007604,662.9185912237925,64,male,0
72846.86115904486,757.9476966797513,39,male,1
58083.65065526988,790.4265021711386,42,female,1
34441.30768510315,794.3052503645479,29,female,0
47144.91982874588,734.58563614152,30,male,0
36865.726199228644,721.6843768068023,60,male,0
29258.00403553496,691.4768864440828,60,male,0
63892.66321297462,704.4852753316646,24,female,0
78641.24960705196,611.4169998570027,20,female,0
29021.486392712883,592.7260781604385,36,male,0
58444.538550358564,649.7637879812333,41,male,0
40240.361463172594,638.087076423255,53,female,0
42693.11924352956,618.2740365470908,64,male,0
41114.09113641696,698.7471213219701,60,female,0
37040.138454802756,716.8713645999358,48,female,0
50727.82441917241,656.1884820404293,23,male,0
37535.748253834434,753.4271056738684,24,female,0
54056.85238669758,570.0817620106546,30,male,0
49246.42835826294,636.4438378504198,40,male,0
46415.77929700386,599.8224375578036,54,male,0
36386.545069376036,519.3424368048858,31,male,0
41348.43004147501,644.212351991011,45,male,0
61330.86838738634,641.4776744131701,38,male,0
57513.75781436571,755.9414820269492,64,female,1
35336.67132802174,694.1568179188345,26,female,0
51489.98458143839,578.3069222969557,66,female,0
61270.80685057683,779.7864796433932,26,female,1
24958.920783179423,735.4723586867747,45,male,0
58150.402885699026,690.7468392428032,59,female,1
40060.643615812296,634.1461130805118,24,female,0
58558.98002889739,582.8392534293564,40,female,0
38551.11265186225,623.9455256750263,33,male,0
22926.768490032213,726.212403379293,23,female,0
25586.86343175256,781.9210414154227,42,male,0
50721.27419992073,758.0270469790532,61,female,1
53895.83752582223,615.7805404749608,39,male,0
36435.25062343387,571.6267796697692,34,male,0
59578.88688166061,659.8620372837843,69,female,1
25077.1990659656,526.2092444106004,64,male,0
49008.80302029025,672.6217399929347,48,male,0
31834.75700356315,639.6678189590932,27,female,0
40222.45838296761,617.377444869223,60,female,0
50710.98006974621,538.3707852913243,67,female,0
37093.799520740715,685.9520074598802,38,male,0
44231.66683655262,612.7109412236662,67,male,0
65094.39213821661,568.1058215002798,58,male,0
41346.62195715277,448.94164507028455,65,female,0
62535.38168097712,648.0739566464555,47,male,0
33054.397180135726,774.0576117668821,65,male,0
57947.06266872924,766.2881450183509,46,male,1
71623.5293098685,618.003262038961,23,male,0
12925.332498090662,607.8451557746754,34,male,0
38046.57116794285,682.8141979252516,54,male,0
58656.081907708096,580.1130192568196,56,male,0
46954.31920935511,671.1254329873626,20,female,0
55567.188100569634,703.6256194869284,22,female,0
40940.22219926269,735.8853256719016,66,female,0
51298.8468120935,642.9892146464033,43,male,0
47664.84146911881,635.7428374876124,46,male,0
67516.73092489711,588.5412189270407,59,female,0
53816.31264951819,592.1183752172097,55,male,0
55064.039931128034,634.1464775668932,53,female,0
43821.84550816299,675.7155854771324,48,male,0
42685.906638912595,713.9509238363274,43,male,0
43511.627182705684,593.7774734523758,43,female,0
55916.78213567445,754.4881998271666,61,female,1
43685.232787696055,631.0213479270202,23,female,0
54346.62285344619,648.5042893956095,22,female,0
81131.01197968159,597.6951824596524,53,female,0
63066.87055147538,480.3031817808941,68,male,0
45109.647017482384,711.8831777452734,42,male,0
68018.20883245918,701.5790727964703,42,male,1
43878.86940467673,630.307071001725,64,female,0
19428.13197233219,654.689350205741,24,female,0
34878.70533623894,686.115745239287,50,female,0
21938.121184612166,540.621790017942,60,female,0
44727.297739380374,612.9663125857594,25,female,0
50276.27568784328,705.5985275735279,56,female,1
75146.55968412924,562.1997403781526,29,male,0
54903.910606462436,670.5490552516641,59,male,1
46713.49206786704,555.0392736763616,26,male,0
62441.083717752335,682.6500987703469,58,male,1
16832.970364881723,647.5050962391762,57,male,0
53534.21837162849,536.9407728866144,40,female,0
61562.9779083045,731.531754812002,39,female,1
27821.206313302377,598.5785896241366,22,female,0
67156.31064810394,593.2823294089933,41,female,0
55077.44611241621,664.039843806166,66,female,1
43770.681291487985,730.4046144600101,23,female,0
59491.72799159427,578.8924726715122,47,male,0
84060.39286706594,654.317589489358,31,female,1
52727.99382587743,680.01715502314,57,female,1
53723.30879450504,698.5173925084201,55,female,1
43109.58650689634,662.3509088694058,66,female,0
37252.33445802813,624.3080512641675,60,male,0
62455.03724816369,592.0686845545896,24,male,0
37158.74261136699,656.0300718132462,32,female,0
51073.49355829089,574.9502691610076,42,male,0
42835.13829852325,445.50546615537746,69,male,0
57184.697386195876,680.5591862910368,49,female,1
55004.931579304226,713.2754388760337,56,female,1
65563.0991638685,484.59472951207135,44,female,0
42349.75401717879,579.3188506703044,67,female,0
45951.87597059943,693.3407982703638,46,female,0
35318.54426326539,794.0246828798189,33,male,0
43335.60109885833,651.4555595372785,67,female,0
55659.50739567279,599.0397941139606,66,female,0
61354.829249680275,637.1972491226612,55,female,0
36167.52013733562,746.241349340373,58,male,0
63044.088801584905,604.7825074612825,35,female,0
70334.56788207426,594.0565595344823,41,female,0
56201.523548355515,616.2079534472578,40,female,0
78151.937188371,583.2669974218901,40,male,0
38393.1620134464,658.5869221196357,27,female,0
31330.179450328746,763.7274920928693,68,female,0
23319.19626643582,672.6155491181221,35,female,0
72440.66467233775,632.3352548511599,50,male,0
59815.484845310864,629.5732111759119,61,female,0
49166.229936343174,540.576643391234,29,female,0
54199.529394797304,711.8176844003011,51,female,1
33117.66429052435,644.5513962091038,53,male,0
86686.27969425239,637.3664060486562,28,female,0
51938.31772962841,873.5175297491403,36,female,1
51640.92191907339,670.912703585598,30,female,1
60886.49935848038,597.3746264933371,51,male,0
57215.1384760507,620.154968265612,29,male,0
53358.26036418697,730.3911996437728,41,female,1
38142.88316832032,657.9289287376436,36,male,0
57072.025357039936,549.3205415177844,23,male,0
78230.3674471255,714.3460254202643,67,male,1
70181.30069232467,603.2299140122705,66,female,0
73897.79939959096,781.1308443352282,44,female,1
42331.76485353222,725.6033646000254,40,male,0
35155.92769612129,618.6874673038874,56,male,0
48113.19619850528,739.6711453214579,57,male,0
50835.87368433042,654.7498857369183,68,female,1
66412.87277706423,709.6941572585554,20,female,0
24613.03055427771,683.9312972106133,44,male,0
72943.2547919092,590.7550341506388,55,male,0
47629.88152131516,604.9515117377777,36,male,0
43596.7839507887,722.0972572306813,60,male,0
34818.434371097486,626.5657267525421,43,female,0
25177.14992201346,621.7446075730602,21,male,0
62347.55875942872,583.1414194455454,59,female,0
51099.76950782606,679.6519345915423,34,male,1
30650.58650388419,794.3767443470201,51,male,0
30573.818419045758,575.2726960022009,58,male,0
44963.229510648074,651.695361967093,25,male,0
75035.32287934089,748.85543887908,20,male,0
46106.12972954593,644.4251026128,66,female,0
27452.855703228408,681.6660257374814,42,male,0
46313.85403871084,575.6324530297184,58,male,0
45909.146453784946,679.9814968045354,36,male,0
9546.700355876426,636.8999014496816,53,female,0
49185.577002232814,719.0010996975905,60,female,0
46535.98204686983,733.1170236095326,48,female,0
60443.095472201276,831.2694549413029,28,female,1
77734.34142418018,690.5743221249503,32,male,1
66898.47544321636,672.8057421607516,25,male,0
45966.669641677545,663.6069011104136,25,male,0
33402.11136887495,625.2783595032519,39,female,0
88600.3970487479,673.6938690423184,22,male,0
50888.27651021732,629.321901290268,36,male,0
50208.939378694195,661.792268338873,68,female,1
49638.12369334995,742.2318274925572,31,female,0
52971.271411517824,579.5420204304252,67,female,0
47834.593821140865,729.7914992790331,66,male,0
41395.069896796456,742.1980547137906,64,male,0
41797.115881394115,641.7352031106245,20,female,0
49508.70094676002,501.4701570693984,36,male,0
41848.62843299352,607.4524609033897,22,female,0
39307.313259842536,740.7896182592776,45,female,0
51596.453415378455,648.3992356390783,34,male,0
46175.34173868717,580.0488437393562,55,female,0
72559.89482874033,614.6657555140248,51,female,0
10235.45287410482,708.8434018553187,51,female,0
66372.60277883692,688.2713497740965,23,male,0
68691.27788746444,633.2747530581214,37,female,0
18899.146513877757,624.3222911729719,68,female,0
44859.68608879477,622.5769295669324,38,female,0
44428.38701006313,585.4312870851048,62,female,0
28887.32457923268,763.076298262861,54,female,0
38332.74968613687,627.4375671552062,59,female,0
33341.36231801257,735.2010964577847,33,female,0
76284.05665135435,756.4921236345716,52,male,1
64035.17589721191,719.8817628703572,33,male,1
69073.32642491237,619.7865781097366,53,female,0
60825.08096064853,678.2611063235627,23,male,0
33064.22343174156,648.3063075526359,43,male,0
42132.196005803395,586.740869748891,48,female,0
57340.61841841877,672.7051497205122,38,male,1
31668.082866620818,567.4672146188138,25,female,0
60694.97645258582,733.1375571923095,52,female,1
46395.119027627974,617.4767891891125,68,female,0
44377.68788675604,664.0811759110987,59,female,0
60664.39952305237,669.8301510082299,38,female,1
56663.9496722906,631.8766518407145,20,male,0
44585.507512713804,691.0685661032692,24,female,0
67389.94705046373,616.7567440364232,46,male,0
33784.05008600154,710.9908108220071,35,female,0
59239.034104163955,555.7814223827276,25,female,0
58896.51886952575,658.8465705682488,59,female,1
45356.803410290144,785.7250299340799,32,male,0
54891.99533363177,579.9768072776097,67,female,0
31233.296354220456,602.5578520632604,54,female,0
63860.40528810352,685.973549476124,38,female,1
47226.46795335517,662.5707247357718,31,female,0
42159.154692214404,674.5441069491492,35,male,0
65735.13838755334,684.2430991103364,62,female,1
39434.84464185861,694.4305027993239,29,male,0
28873.080554546606,727.6789889369356,44,female,0
26650.562397141442,678.6873059849959,39,male,0
59090.14927018459,633.111964176702,50,male,0
30793.559712555754,697.0801590841912,23,female,0
76321.91272976546,782.9917354426651,63,female,1
18771.058881744168,640.7156377532199,42,male,0
75446.84552435057,581.7829486730551,21,female,0
53165.26200803927,727.4956468500881,41,female,1
48549.30332194411,641.5733185232481,56,female,0
41826.21369786575,497.9131317790175,27,male,0
55987.04171528106,709.3195174005295,26,female,1
49435.47946362727,612.5270269832254,33,female,0
66549.52823024782,643.6626702387088,22,female,0
51713.41472993059,673.238623139831,69,male,1
52254.52642192817,663.3349775845346,35,female,1
44545.81681679216,699.6616271997327,38,male,0
49145.81564418399,619.515954060111,37,female,0
54617.026533380886,685.9174058723258,35,male,1
24347.474110150615,631.8317325691258,27,female,0
29777.218668414305,701.7167336621252,52,female,0
61148.96141034072,693.0757238809138,68,male,1
52562.981571919125,584.5192908568783,31,male,0
47240.24995470981,726.0187481322523,30,male,0
50276.5089959809,612.4825588420166,24,female,0
55213.72558042507,706.5640458796802,46,female,1
41903.60479535958,675.7101119380939,31,female,0
38325.42911896531,778.6728573756586,36,female,0
52937.67882646522,634.3573812339704,25,male,0
35324.40833577452,625.5478242717262,52,female,0
56123.79133571708,648.6406275878587,24,female,0
24461.245936432395,628.7774152016007,47,female,0
65437.33455988466,705.9959331359435,33,female,1
57088.96223619564,536.8582574094388,24,female,0
53840.44601470813,576.2422306597553,52,female,0
64740.36475918271,575.2537954894565,69,female,0
74982.11666693864,716.5215314381503,67,male,1
65215.55097527196,769.7429360807348,60,female,1
22386.88653002532,642.688554702377,38,female,0
30806.345498964478,638.1824793766992,41,female,0
40627.72133456482,654.9036514179227,24,female,0
50391.36575316251,731.3314811825733,21,male,0
57764.88530703685,585.0852806066598,49,male,0
39113.84280269802,666.6858287914349,66,male,0
52801.50146715617,718.2638340847701,58,male,1
38669.256014700164,685.0765918957892,23,male,0
40827.23295512078,663.270713161912,52,male,0
28900.083547276667,720.0732264796999,32,female,0
36151.50130833643,460.7737394900534,39,male,0
29724.730915754997,697.4512723671635,26,male,0
35361.90120534001,604.2147021810804,34,female,0
65804.62694911759,521.855697220048,42,male,0
35759.01666752085,685.7841819667486,33,female,0
89485.73097256086,746.156098161407,42,female,1
57399.76851321334,640.3786039760615,38,male,0
52772.54185542311,716.7012183042057,48,female,1
37124.6332972818,762.8594780592052,39,male,0
60504.64819113487,742.0440117508833,48,male,1
41365.43260643339,764.7975170559976,43,female,0
51830.147219680424,701.9489243750324,37,female,1
88401.26807403192,655.2803547231115,29,male,1
48559.10150413025,537.8623931671982,60,female,0
67239.09989428514,632.7756258309036,27,female,0
39452.35362311169,590.9727383278666,45,male,0
49475.17264254557,801.965990224847,48,male,0
76562.00953453264,637.6879931297365,29,female,0
40595.494133183485,658.624336474914,36,male,0
77186.72836995393,688.6039763228328,21,male,0
60616.279031832135,653.0521712460718,25,male,0
41562.99836158598,768.6535728301527,24,male,0
59486.116085832815,606.4145446785884,47,male,0
64588.316744400945,663.622521866607,60,male,1
59327.149433257946,598.0270590011366,24,male,0
26446.629201643154,557.5984242145506,37,female,0
39092.94236262697,607.17616363663,45,male,0
46287.22046672743,647.4074242066112,39,female,0
48883.498563499306,619.9488442837918,60,female,0
59310.08146326017,601.53053140883,68,female,0
52665.51501399881,551.5577775429716,46,male,0
29969.83461934848,644.1826099159914,68,male,0
55702.967765089445,544.6695738178298,31,female,0
59158.786179257346,703.2039174582721,26,male,1
58396.856718965595,655.7707827054153,22,female,0
66211.71088331932,547.9713950374548,29,male,0
62508.83231823356,628.3553646065095,53,male,0
56887.70118842655,597.3490516086592,44,female,0
48947.51432812029,672.3422157293427,54,female,0
25085.58599726013,743.8315312216201,35,female,0
56444.273286988784,518.7379271247979,21,male,0
53115.31530744667,658.0518255403192,43,female,1
54073.6825579306,638.7907043103352,29,male,0
30848.77136269536,696.9938053515326,57,male,0
33784.151893876064,664.9237639766383,41,male,0
65797.29279999355,597.3621467782826,45,female,0
49406.672692150176,627.6662245033367,62,female,0
60222.510460589365,594.2781900237558,58,female,0
50424.77564195692,725.3204997019019,46,male,1
50446.34209243618,651.4918154070359,48,male,1
64074.25708963996,783.0833480027105,66,female,1
42259.32907673939,645.7537430329766,57,male,0
51441.811654114754,600.4115263162676,39,male,0
43065.87066942436,544.0399925171021,46,female,0
43482.55658851527,523.7802226620838,60,female,0
45362.41814797041,539.1104839896157,39,female,0
53332.00657450569,668.6988655708038,63,male,1
42818.77067504784,685.6107516260954,38,male,0
68836.34188360281,539.3166508577507,39,male,0
36580.89046670744,712.6526819853281,54,male,0
47196.92533757961,616.1857263821593,66,male,0
43404.034125887374,660.2755108389885,21,female,0
71704.668265306,762.8554439778798,49,male,1
52948.32164767362,712.7787521105872,53,male,1
65477.66809202952,631.2028546465917,41,male,0
27716.59440444542,587.6165442209299,22,female,0
54005.75398803888,499.37292190694865,25,female,0
63344.46193435155,599.6592676530306,34,female,0
51234.259839131366,635.2208832820614,46,male,0
65982.20562598026,580.8974330994172,29,female,0
42240.673248494415,640.8120123035387,28,female,0
71140.2116027837,655.3796318071138,52,female,1
84483.47185428876,634.2600812734345,51,male,0
44557.42159340512,604.4998193423578,67,female,0
43317.462178988426,661.805827037671,25,male,0
71800.7671567655,680.9358454698586,60,male,1
73693.58218596068,573.6720645790008,55,female,0
42157.09959270098,748.765266582239,21,male,0
43697.19774356214,643.0988307401017,48,female,0
45773.230867092396,651.3194736061394,23,male,0
29833.242334485843,699.575009627959,20,female,0
36220.22080273703,666.3251291884451,38,female,0
34937.88849871898,716.7195643739271,45,female,0
38483.03652343807,670.0986915641276,44,male,0
49479.72668919828,607.1293837751693,29,female,0
53513.22098804781,675.3052467644271,34,male,1
73257.50739221115,569.9391654875537,41,female,0
35024.68938891814,657.5991794043566,67,male,0
64764.83597714876,647.6739006548877,40,male,0
46790.16733661736,635.4318199909222,41,female,0
49258.044355213504,641.0023741992749,55,female,0
60122.29238249906,518.2705668151652,53,female,0
33159.16967656552,611.5892564581327,49,female,0
55736.14619276076,656.4991430798781,44,female,1
52496.78312319584,661.1899474398181,64,male,1
57386.76896012224,578.0627401351829,47,female,0
54337.52965861727,738.599548860529,20,female,0
86829.50209866342,589.367760624985,68,male,0
40433.900236230256,717.8620040368716,64,female,0
42035.04567497274,679.903605331018,23,female,0
40652.89210362853,604.7640883109337,26,male,0
41667.843212596184,774.2717624826658,68,female,0
40439.19309040223,566.4454217770464,28,female,0
67835.24796661327,714.3407921527001,55,female,1
71307.56371984782,720.0407622630084,38,male,1
41438.805593757854,603.0565853646349,20,female,0
37514.66640343657,747.472571004503,29,male,0
57071.23334579606,632.4967439780733,55,female,0
41716.65433578543,670.20855404959,28,male,0
59493.97726633266,668.2225287139854,64,female,1
53043.845312769496,640.5983880970616,65,male,0
27263.838275041522,706.7565791211847,61,male,0
73212.57801995092,705.5442104386549,51,male,1
76938.16509643283,527.6027618733274,51,male,0
40808.16964273421,741.3038170014706,25,male,0
44184.47660096024,533.6255608375028,67,male,0
54287.98086087358,722.278234303916,57,female,1
55016.851849805375,728.8693595779308,36,female,1
59878.164090092454,573.6323498849362,29,male,0
80153.06808149524,621.2429998431791,69,male,0
47345.79158758926,572.6006732059845,46,male,0
38025.541331923196,634.9555278797885,69,male,0
29310.21157978209,628.4376001069982,54,female,0
39036.04940087121,704.5762372588538,40,male,0
49503.095406893044,741.7216122283726,44,female,0
76918.36795276681,747.6978667552969,47,female,1
42235.830514457426,610.6482381395189,66,male,0
53356.819274583475,635.354468837883,34,male,0
49753.65655890872,532.1593265445335,23,female,0
67825.89910172127,593.5890953452667,48,female,0
87903.98638810433,717.539614316822,28,male,1
42036.96840619519,763.0907976483762,46,male,0
42658.40836222667,563.5955789684054,45,male,0
65662.41315603608,608.5275018592974,38,female,0
60228.37234439467,648.1515970128751,47,female,0
77700.6098860405,669.6112811173725,36,male,1
58758.92277988946,593.3277536054848,62,female,0
44610.61863819411,679.6842731124863,60,female,0
58859.82246038464,616.8312457050358,61,male,0
66630.55370874362,648.9883410385205,69,male,0
62307.23271796046,688.239897360259,39,female,1
57609.11046660947,650.4495588867657,64,female,1
66000.1203438373,619.4529876631402,59,male,0
67539.4338566851,642.3273137251919,58,male,0
70732.38486556291,643.8145928556265,68,male,0
59730.64831384464,624.099227908251,42,male,0
47493.22879524718,631.8842756133029,66,male,0
52200.705296499844,761.9053019353302,51,female,1
68097.63449762535,689.2643613558868,66,female,1
37745.964935191456,629.3163777379588,52,female,0
55530.099633093516,698.7868083157515,65,female,1
44099.91781508959,626.6326357170793,24,male,0
50431.17234402226,732.1187246310649,62,male,1
69176.77793910948,675.8749534538666,67,male,1
52866.48602029855,642.488849919704,53,female,0
50696.54822234223,681.3401848067194,59,female,1
29602.15788530121,540.038669355205,30,female,0
61193.80349040831,571.1262771763136,69,male,0
59682.26271711613,566.4252495520661,22,female,0
82448.8208495819,660.0060166334595,52,male,1
45383.32647570499,771.2760499639564,30,male,0
53287.254914959085,806.1910102334842,35,male,1
53740.75525566133,694.663577100853,37,male,1
73661.79919645212,685.059113246112,49,male,1
48570.567014195716,523.9259586093083,67,male,0
54185.32288655509,612.0128340186185,29,female,0
59118.44764574809,594.8551373664233,37,male,0
52799.13684734537,606.5406681224218,57,male,0
43303.49578174208,638.2299326990648,38,female,0
52911.34989347462,616.9536595612011,55,male,0
66104.47624789659,511.44901327369485,32,female,0
34602.270508834095,702.3537179282274,65,female,0
51994.54511220314,574.9079881982135,22,female,0
39498.1877759124,666.7472804877805,29,male,0
67925.69943387264,795.1857868824982,57,male,1
27152.19642824338,585.6430785889504,20,female,0
41616.17229092617,472.8798734077569,46,male,0
55658.17812596781,629.9797044683922,65,male,0
73482.86043851511,727.0671744499,27,female,1
49013.746083905186,787.0843217954416,65,female,0
41672.00709960202,563.9315283883308,61,male,0
78217.35604160884,684.7689456265565,36,female,1
28279.79149375634,617.4282680253963,28,female,0
17017.910650698774,642.5836151987105,25,female,0
56600.216750799984,835.1040342911924,62,male,1
42469.18663471083,544.7920770123393,44,male,0
34681.5077430393,667.7617763046202,58,male,0
60625.3467094903,682.7385220235803,68,female,1
53657.010706567984,726.0050427457543,47,male,1
41538.820538949076,656.8588207429627,52,female,0
30795.434019936583,671.5635377652872,56,male,0
63086.859924202174,622.5846002804747,28,male,0
59753.017669379915,668.8388858871575,37,female,1
48512.36204330926,625.9765407151813,40,male,0
77699.554940715,693.5100322899235,21,female,0
33948.72850510771,624.1272764769457,62,male,0
27117.122436128917,676.3970275731531,57,male,0
39621.378951781335,647.9516030420515,59,female,0
49316.209754667536,728.8235175540518,55,female,0
53650.091739840376,646.402439348806,69,female,0
46381.459132155054,525.8877272255183,62,male,0
55280.83094771445,738.3345050499794,56,male,1
31226.90863714334,586.5987389396166,34,male,0
71656.46906109889,604.2363562945826,47,female,0
48767.732324111465,608.3037094169556,37,female,0
66759.43747382192,746.2106665219573,53,female,1
55140.88019566556,500.5028050214913,41,male,0
56851.29828730676,869.6423973561996,30,male,1
58546.50920348306,723.9239766346236,32,female,1
56715.628400259724,665.6267239890411,23,male,0
59640.84139801316,646.1574199568599,41,female,0
69937.28795198648,669.988785240036,26,male,1
52947.817545522055,686.4785699865537,62,male,1
60635.05636382769,695.165091016504,43,female,1
48653.964585691596,688.8923126202413,23,male,0
71601.75823174209,656.2706476878674,47,male,1
39854.115469110955,636.1863105784872,34,female,0
77014.10649366223,639.4108701442542,20,female,0
49397.63074033485,636.3564203753124,22,male,0
28538.373468229278,729.3639067806945,33,female,0
51921.56622366184,691.5489705596603,57,male,1
39784.22513787678,444.17279557350037,69,female,0
62609.65323483086,695.9130543570833,20,male,0
40210.640310464136,663.6315336303143,57,male,0
43307.248501778304,648.6903870487872,57,female,0
21656.889035817036,622.803708283778,40,male,0
43215.405211263846,728.687890399021,67,male,0
13641.81010056565,716.3268523486,48,female,0
26241.45764771415,595.8985632523473,24,female,0
61406.21984216446,678.4936600987174,68,male,1
61787.00237976248,581.98402858211,29,female,0
56381.86342677447,553.4267284647749,47,female,0
35495.3578530618,606.1297942787024,40,male,0
49284.3296578703,710.3675430667931,69,male,0
49945.96191364148,716.7187531763261,26,female,0
32624.529662111858,685.9159794068105,22,female,0
72550.97452650726,700.7567050793598,64,female,1
63160.43435863507,686.132480098047,66,male,1
46685.53739255504,605.0962883343933,39,male,0
50403.28758491796,680.2345781271758,38,male,1
53125.74211921329,706.0286667659377,54,male,1
19373.97697363564,702.8003930869502,23,male,0
46292.339262191046,733.223936003225,24,male,0
39770.23628003302,699.5812693040745,20,male,0
34975.69985157627,674.6013745279108,23,female,0
45783.495606710676,724.9105166821499,31,female,0
76965.29790274284,648.1435118525658,46,male,0
59612.64291900515,588.2687744140597,61,male,0
41432.31515325805,638.5853125239365,42,male,0
58588.74172034238,597.8568148635486,44,female,0
